gain,ratio,threshold
-0.12405129492932987,1.528123060355657,-20.0
-0.12540407940220547,1.5225030507157353,-20.0
-0.12540407940220544,1.522503050715735,-20.000000000000004
-0.12942838191366202,1.5266195020865654,-20.0
-0.12962373824809628,1.5255562980702626,-20.0
-0.12962373824809628,1.5255562980702628,-20.0
-0.13160506288298884,1.5132325960306734,-20.000000000000004
-0.13496593015556183,1.4904004997731788,-20.0
-0.13766089245675406,1.4109848407592605,-20.0
-0.18888897604606414,1.5748627885679038,-20.000000000000004
-0.24853168286157168,1.7784212836840876,-20.0
-0.27627354753350497,1.6147717355633389,-20.0
-0.2708296127070002,1.7129226821582235,-20.0
-0.2323546281395271,1.9119099763050742,-20.0
-0.17950911580190795,1.5810607140359072,-19.999999999999996
-0.13505647193701792,1.4933154606281192,-20.0
-0.1284933585024709,1.5247118007304845,-20.0
-0.12684286767579067,1.5197244813100859,-20.000000000000007
-0.12942838191366207,1.5266195020865654,-20.000000000000007
-0.1296237382480963,1.525556298070263,-20.000000000000007
-0.13160506288298887,1.5132325960306734,-20.000000000000007
-0.1316233486773816,1.512553191202664,-20.000000000000007
-0.1316233486773816,1.512553191202664,-20.000000000000007
-0.1322518888393985,1.505849498802996,-20.000000000000007
-0.13496593015556185,1.490400499773179,-20.000000000000007
-0.1322518888393985,1.505849498802996,-20.000000000000007
-0.13225188883939853,1.5058494988029958,-20.000000000000007
-0.1316233486773816,1.5125531912026637,-20.000000000000007
-0.13160506288298887,1.5132325960306732,-20.000000000000007
-0.13225188883939853,1.505849498802996,-20.000000000000007
-0.13496974848001758,1.4907327764956038,-20.000000000000007
-0.13559501490126286,1.4971204706629224,-20.000000000000007
-0.13634314369070832,1.4690918166037121,-20.000000000000007
-0.13766089245675406,1.4109848407592605,-20.000000000000007
-0.1377468926182409,1.4138227263361496,-20.000000000000007
-0.1489623238983579,1.441250436214657,-20.000000000000007
-0.14975415741304388,1.4356391577721634,-20.000000000000007
-0.14975415741304388,1.4356391577721634,-20.000000000000007
-0.14969871320520375,1.4376750065870232,-20.000000000000007
-0.1489623238983579,1.441250436214657,-20.000000000000007
-0.14969871320520375,1.4376750065870234,-20.000000000000007
-0.14969871320520373,1.4376750065870232,-20.000000000000007
-0.16226514651890211,1.479978094344565,-20.000000000000007
-0.17716407672167844,1.5760687284044743,-20.000000000000007
-0.17716407672167844,1.5760687284044748,-20.000000000000007
-0.180374903390968,1.5624216849117096,-20.000000000000007
-0.18226034594502277,1.575240624019803,-20.000000000000007
-0.1811061921972143,1.5615965088310682,-20.000000000000007
-0.1822099663654441,1.5747645545787243,-20.000000000000007
-0.18253252003218667,1.5703513634275303,-20.000000000000007
-0.179509115801908,1.5810607140359072,-20.000000000000007
-0.17917386072802038,1.5901780441278879,-20.000000000000007
-0.17917386072802038,1.5901780441278877,-20.000000000000007
-0.1822603459450228,1.5752406240198027,-20.000000000000007
-0.2040443086596288,1.7471900021231155,-20.000000000000007
-0.2276014464421608,1.9245423734898097,-20.000000000000007
-0.2259544067033732,1.9324083385227473,-20.000000000000007
-0.1894245325731731,1.5791548760255547,-20.000000000000007
-0.16491224342351887,1.4962079272044329,-20.000000000000007
-0.13496593015556188,1.4904004997731792,-20.000000000000007
-0.12684286767579064,1.5197244813100856,-20.000000000000007
-0.12684286767579064,1.5197244813100856,-20.000000000000007
-0.12962373824809628,1.5255562980702628,-20.000000000000007
-0.13162334867738157,1.512553191202664,-20.000000000000007
-0.13496593015556185,1.4904004997731792,-20.000000000000007
-0.1350079976204999,1.4901723146345816,-20.000000000000007
-0.1352364542451437,1.4956132648969094,-20.000000000000007
-0.13559501490126288,1.4971204706629229,-20.000000000000007
-0.13766089245675406,1.4109848407592602,-20.000000000000007
-0.1509864912825978,1.3992341320455806,-20.000000000000007
-0.17337853243457835,1.5519365666422185,-20.000000000000007
-0.179509115801908,1.5810607140359072,-20.000000000000007
-0.18220996636544406,1.5747645545787246,-20.000000000000007
-0.17933485877093766,1.5832655028315092,-20.000000000000007
-0.17933485877093766,1.5832655028315092,-20.000000000000007
-0.17917386072802038,1.5901780441278879,-20.000000000000007
-0.1725928380286588,1.5472393109831906,-20.000000000000007
-0.17426758362483646,1.5596310191219986,-20.000000000000007
-0.17337853243457835,1.5519365666422187,-20.000000000000007
-0.16015086704143036,1.4658572207674503,-20.000000000000007
-0.1497541574130439,1.4356391577721637,-20.000000000000007
-0.1377468926182409,1.4138227263361496,-20.000000000000007
-0.1352364542451437,1.4956132648969092,-20.000000000000007
-0.13496593015556185,1.4904004997731792,-20.000000000000007
-0.1316233486773816,1.5125531912026637,-20.000000000000007
-0.1296237382480963,1.525556298070263,-20.000000000000007
-0.13225188883939853,1.505849498802996,-20.000000000000007
-0.13496974848001758,1.490732776495604,-20.000000000000007
-0.13559501490126286,1.4971204706629226,-20.000000000000007
-0.1489623238983579,1.4412504362146568,-20.000000000000007
-0.14975415741304393,1.4356391577721634,-20.000000000000007
-0.14975415741304388,1.4356391577721639,-20.000000000000007
-0.151885716309857,1.402262875380409,-20.000000000000007
-0.1377468926182409,1.4138227263361494,-20.000000000000007
-0.1352364542451437,1.4956132648969092,-20.000000000000007
-0.13559501490126286,1.4971204706629226,-20.000000000000007
-0.1377468926182409,1.4138227263361494,-20.000000000000007
-0.18885818653230282,1.5776548930151266,-20.000000000000007
-0.23538467694061216,1.9234328870905963,-20.000000000000007
-0.2568801068070723,1.7705838815705013,-20.000000000000007
-0.28427628233120006,1.5446230404210046,-20.000000000000007
-0.2817807748115673,1.5312253816335488,-20.000000000000007
-0.28022588155649225,1.5048059744947409,-20.000000000000007
-0.28009274894438224,1.51471569448542,-20.000000000000007
-0.2638091441500439,1.7627160490657268,-20.000000000000007
-0.25649829249263145,1.7712224331805249,-20.000000000000007
-0.2559992603093989,1.7682132022059605,-20.000000000000007
-0.2536602362144469,1.7672043906422132,-20.000000000000007
-0.24837144853553447,1.7832149692570538,-20.000000000000007
-0.2433994340729934,1.8353799584432045,-20.000000000000007
-0.23205639799759686,1.9145501973404069,-20.000000000000007
-0.21295636326596953,1.8553596150545903,-20.000000000000007
-0.20437906386028282,1.7469160927090361,-20.000000000000007
-0.18842511370101275,1.5738540301251949,-20.000000000000007
-0.18226034594502277,1.575240624019803,-20.000000000000007
-0.19901077125258648,1.6781980929511513,-20.000000000000007
-0.18837473412143405,1.5733779606841163,-20.000000000000007
-0.21295636326596953,1.8553596150545901,-20.000000000000007
-0.2129563632659695,1.8553596150545901,-20.000000000000007
-0.1888693859802468,1.5715946146796025,-20.000000000000007
-0.20370062917508547,1.736216274866839,-20.000000000000007
-0.18168976794304426,1.5692099066412135,-20.000000000000007
-0.18895055507358682,1.5692785796734585,-20.000000000000007
-0.18361747811928608,1.583866506755091,-20.000000000000007
-0.1861563967243771,1.6073672656103335,-20.000000000000007
-0.17510106245462623,1.5664045252620538,-20.000000000000007
-0.1810614761579772,1.566595938527179,-20.000000000000007
-0.1811118557375559,1.567072007968258,-20.000000000000007
-0.18106147615797719,1.5665959385271793,-20.000000000000007
-0.20279075708190072,1.7643712819915207,-20.000000000000007
-0.19343905129431974,1.675525904873079,-20.000000000000007
-0.18157571912238524,1.568082602332912,-20.000000000000007
-0.18157571912238524,1.568082602332912,-20.000000000000007
-0.18160650863614658,1.5652904978856892,-20.000000000000007
-0.19301630833170436,1.6718828761553,-20.000000000000007
-0.21939372147519293,1.9217736305607287,-20.000000000000007
-0.22164106841618958,1.9189519988593977,-20.000000000000007
-0.19431274918884162,1.682756982840809,-20.000000000000007
-0.18111185573755592,1.567072007968258,-20.000000000000007
-0.17950911580190804,1.5810607140359072,-20.000000000000007
-0.17917386072802038,1.5901780441278877,-20.000000000000007
-0.18942453257317313,1.5791548760255547,-20.000000000000007
-0.21931127683429322,1.934614313986411,-20.000000000000007
-0.23595500071689005,1.9215763779110162,-20.000000000000007
-0.2502845554208488,1.7235141714337492,-20.000000000000007
-0.2502845554208488,1.7235141714337492,-20.000000000000007
-0.24894779568029934,1.7654260612210055,-20.000000000000007
-0.2502845554208488,1.7235141714337494,-20.000000000000007
-0.24894779568029932,1.7654260612210053,-20.000000000000007
-0.25326889233539673,1.757802427023983,-20.000000000000007
-0.2549506672202101,1.771961787318004,-20.000000000000007
-0.2495054676988277,1.7506184474221234,-20.000000000000007
-0.23541566628669192,1.9179670279398897,-20.000000000000007
-0.21994125292961353,1.9321134241630262,-20.000000000000007
-0.18837473412143405,1.5733779606841163,-20.000000000000007
-0.17917386072802038,1.5901780441278879,-20.000000000000007
-0.151885716309857,1.402262875380409,-20.000000000000007
-0.14975414285615304,1.4356134548649337,-20.000000000000007
-0.14975414285615304,1.4356134548649337,-20.000000000000007
-0.17291871573542972,1.5934671248005738,-20.000000000000007
-0.1754297211774084,1.570962839026523,-20.000000000000007
-0.18837473412143407,1.573377960684116,-20.000000000000007
-0.18885818653230285,1.5776548930151268,-20.000000000000007
-0.17950911580190798,1.5810607140359072,-20.000000000000007
-0.17917386072802038,1.5901780441278877,-20.000000000000007
-0.17259283802865877,1.5472393109831908,-20.000000000000007
-0.14975414285615307,1.435613454864934,-20.000000000000007
-0.17359964367809982,1.5552621540346743,-20.000000000000007
-0.17426758362483646,1.5596310191219986,-20.000000000000007
-0.17716407672167847,1.5760687284044748,-20.000000000000007
-0.1811061921972143,1.5615965088310682,-20.000000000000007
-0.1742675836248365,1.5596310191219989,-20.000000000000007
-0.1822603459450228,1.575240624019803,-20.000000000000007
-0.18067000068203443,1.5594198148107745,-20.000000000000007
-0.1822603459450228,1.575240624019803,-20.000000000000007
-0.18888897604606414,1.5748627885679038,-20.000000000000007
-0.1822099663654441,1.5747645545787246,-20.000000000000007
-0.1822886139973354,1.5713954407096158,-20.000000000000007
-0.18110984285748086,1.5671502076883015,-20.000000000000007
-0.18361546211987725,1.5839391987093001,-20.000000000000007
-0.2108824219078014,1.8406293706371106,-20.000000000000007
-0.20024469689215907,1.7412211863012739,-20.000000000000007
-0.18206296886719303,1.5721575114214021,-20.000000000000007
-0.18885818653230282,1.5776548930151266,-20.000000000000007
-0.19071249072710517,1.5909698512377526,-20.000000000000007
-0.21931127683429325,1.934614313986411,-20.000000000000007
-0.2489597381145511,1.7659134401048044,-20.000000000000007
-0.27586044152506184,1.61682977670676,-20.000000000000007
-0.27968247379630434,1.4838763686732224,-20.000000000000007
-0.2797212414285436,1.5258546134807387,-20.000000000000007
-0.26592631086333973,1.76389513613173,-20.000000000000007
-0.2560307117717766,1.7677522223127287,-20.000000000000007
-0.2537829480098075,1.7680678568789594,-20.000000000000007
-0.256778349136184,1.7719227389193801,-20.000000000000007
-0.25684788577906387,1.7709512487916839,-20.000000000000007
-0.24949591577899327,1.7509205082859358,-20.000000000000007
-0.2327447510593583,1.9214173947492408,-20.000000000000007
-0.22012456876574127,1.9315839867608926,-20.000000000000007
-0.19431926352746381,1.6245404054477754,-20.000000000000007
-0.18837473412143405,1.5733779606841163,-20.000000000000007
-0.18110984285748086,1.567150207688302,-20.000000000000007
-0.17510106557395994,1.566410033027889,-20.000000000000007
-0.17388734112967547,1.556706883485759,-20.000000000000007
-0.1728841162154361,1.5613034517219715,-20.000000000000007
-0.1606803749854378,1.527863046659199,-20.000000000000007
-0.17933485877093766,1.5832655028315092,-20.000000000000007
-0.16226514651890211,1.4799780943445653,-20.000000000000007
-0.16015086704143036,1.4658572207674503,-20.000000000000007
-0.1622651465189021,1.4799780943445653,-20.000000000000007
-0.13766089245675403,1.4109848407592605,-20.000000000000007
-0.13766033188648452,1.4110074467856226,-20.000000000000007
-0.15098649128259778,1.3992341320455806,-20.000000000000007
-0.15188571630985698,1.402262875380409,-20.000000000000007
-0.17917386072802036,1.5901780441278877,-20.000000000000007
-0.1822603459450228,1.5752406240198031,-20.000000000000007
-0.1771640767216785,1.5760687284044745,-20.000000000000007
-0.1822603459450228,1.5752406240198031,-20.000000000000007
-0.180374903390968,1.5624216849117096,-20.000000000000007
-0.18226034594502277,1.575240624019803,-20.000000000000007
-0.19079502140962748,1.5908223011180223,-20.000000000000007
-0.1888385964664855,1.574386719126825,-20.000000000000007
-0.19908633646284285,1.676795716268068,-20.000000000000007
-0.18206296886719303,1.572157511421402,-20.000000000000007
-0.19301499821152898,1.671857053386072,-20.000000000000007
-0.186156397764155,1.6073691015322786,-20.000000000000007
-0.18615639776415505,1.6073691015322786,-20.000000000000007
-0.1753424501473625,1.5643128768828385,-20.000000000000007
-0.17950911580190804,1.5810607140359072,-20.000000000000007
-0.1811061921972143,1.5615965088310682,-20.000000000000007
-0.18842511370101275,1.5738540301251946,-20.000000000000007
-0.22028223899943516,1.9396231885002955,-20.000000000000007
-0.24753611064781525,1.7981305890838024,-20.000000000000007
-0.2502845554208488,1.7235141714337494,-20.000000000000007
-0.2502845554208488,1.7235141714337492,-20.000000000000007
-0.25375436341010527,1.7681209896518113,-20.000000000000007
-0.25375436341010527,1.7681209896518113,-20.000000000000007
-0.25991477599130375,1.7753663081713773,-20.000000000000007
-0.26483581410672785,1.760182020911433,-20.000000000000007
-0.2567799843169307,1.7718874768254964,-20.000000000000007
-0.24755077931477926,1.7988804440720867,-20.000000000000007
-0.22117610000737895,1.937196569906587,-20.000000000000007
-0.18837473412143405,1.5733779606841163,-20.000000000000007
-0.1622651465189021,1.479978094344565,-20.000000000000007
-0.13559501490126288,1.4971204706629226,-20.000000000000007
-0.13496593015556185,1.4904004997731792,-20.000000000000007
-0.13496974848001758,1.490732776495604,-20.000000000000007
-0.13634314369070832,1.469091816603712,-20.000000000000007
-0.14969871320520375,1.4376750065870232,-20.000000000000007
-0.16015086704143033,1.4658572207674507,-20.000000000000007
-0.17917386072802033,1.590178044127888,-20.000000000000007
-0.17337853243457832,1.5519365666422185,-20.000000000000007
-0.17716407672167847,1.5760687284044745,-20.000000000000007
-0.17825534106184443,1.5837285229747722,-20.000000000000007
-0.17259283802865874,1.5472393109831906,-20.000000000000007
-0.17950911580190798,1.5810607140359074,-20.000000000000007
-0.17917386072802038,1.5901780441278879,-20.000000000000007
-0.179509115801908,1.5810607140359072,-20.000000000000007
-0.180374903390968,1.5624216849117096,-20.000000000000007
-0.18226034594502277,1.575240624019803,-20.000000000000007
-0.1804043718668858,1.5611767535850447,-20.000000000000007
-0.180374903390968,1.5624216849117094,-20.000000000000007
-0.18226034594502277,1.5752406240198031,-20.000000000000007
-0.17716407672167844,1.5760687284044748,-20.000000000000007
-0.18837473412143407,1.5733779606841163,-20.000000000000007
-0.18842511370101273,1.573854030125195,-20.000000000000007
-0.1822603459450228,1.5752406240198031,-20.000000000000007
-0.18888897604606414,1.5748627885679038,-20.000000000000007
-0.18837473412143407,1.573377960684116,-20.000000000000007
-0.18250173051842536,1.5731434678747531,-20.000000000000007
-0.18842511370101273,1.5738540301251946,-20.000000000000007
-0.18226034594502277,1.5752406240198034,-20.000000000000007
-0.18226034594502277,1.575240624019803,-20.000000000000007
-0.18842511370101275,1.5738540301251946,-20.000000000000007
-0.22014525807177523,1.9377119567000256,-20.000000000000007
-0.2489597381145511,1.7659134401048047,-20.000000000000007
-0.28045194610705193,1.5030723688115206,-20.000000000000007
-0.2830717760055456,1.5314961412589259,-20.000000000000007
-0.28041421308633313,1.50599461874078,-20.000000000000007
-0.2802116614237272,1.5131846407301084,-20.000000000000007
-0.26455515335220553,1.7623413099094312,-20.000000000000007
-0.2645551533522055,1.7623413099094312,-20.000000000000007
-0.2578120515008374,1.7739073662402098,-20.000000000000007
-0.25356064427098746,1.7667014538198773,-20.000000000000007
-0.23677114540902552,1.9128423119551075,-20.000000000000007
-0.2214046116102802,1.9284170608693034,-20.000000000000007
-0.20139347992708187,1.7055505241438342,-20.000000000000007
-0.1822603459450228,1.575240624019803,-20.000000000000007
-0.18037490339096798,1.5624216849117096,-20.000000000000007
-0.17716407672167844,1.5760687284044748,-20.000000000000007
-0.17950911580190798,1.5810607140359072,-20.000000000000007
-0.17716407672167847,1.5760687284044745,-20.000000000000007
-0.17825534106184446,1.5837285229747726,-20.000000000000007
-0.180374903390968,1.5624216849117096,-20.000000000000007
-0.17950911580190798,1.5810607140359074,-20.000000000000007
-0.18837473412143405,1.573377960684116,-20.000000000000007
-0.18837473412143407,1.573377960684116,-20.000000000000007
-0.18226034594502277,1.5752406240198031,-20.000000000000007
-0.18837473412143407,1.5733779606841163,-20.000000000000007
-0.17576638476045683,1.5684993443907718,-20.000000000000007
-0.18106016915713555,1.5665756235237862,-20.000000000000007
-0.1815757191223852,1.5680826023329122,-20.000000000000007
-0.1811118557375559,1.5670720079682576,-20.000000000000007
-0.17510106245462623,1.5664045252620538,-20.000000000000007
-0.17288411621543603,1.5613034517219715,-20.000000000000007
-0.17510106245462623,1.5664045252620538,-20.000000000000007
-0.17510106245462623,1.5664045252620538,-20.000000000000007
-0.1815757191223852,1.568082602332912,-20.000000000000007
-0.18569792257347767,1.6005766158727197,-20.000000000000007
-0.18106147615797719,1.566595938527179,-20.000000000000007
-0.18111185573755592,1.5670720079682579,-20.000000000000007
-0.1811118557375559,1.567072007968258,-20.000000000000007
-0.18160650863614658,1.5652904978856892,-20.000000000000007
-0.19605052332794443,1.6994507469824103,-20.000000000000007
-0.18206498278704603,1.5720811476233032,-20.000000000000007
-0.1751010624546262,1.5664045252620538,-20.000000000000007
-0.18067000068203443,1.5594198148107747,-20.000000000000007
-0.1811061921972143,1.5615965088310682,-20.000000000000007
-0.1894245325731731,1.5791548760255545,-20.000000000000007
-0.2208853973376787,1.931145289038375,-20.000000000000007
-0.24154441301630342,1.8595951610927488,-20.000000000000007
-0.24755077931477926,1.7988804440720867,-20.000000000000007
-0.24894779568029932,1.7654260612210055,-20.000000000000007
-0.2561611150643336,1.7683589737554046,-20.000000000000007
-0.2573676823272988,1.771950663876256,-20.000000000000007
-0.2676596131775659,1.752265228312896,-20.000000000000007
-0.2655976445696745,1.7666911720207206,-20.000000000000007
-0.25533725203573415,1.767855612558387,-20.000000000000007
-0.24234774777447377,1.846063424152435,-20.000000000000007
-0.2204517092827924,1.9350526994791255,-20.000000000000007
-0.18886938598024677,1.5715946146796025,-20.000000000000007
-0.179509115801908,1.5810607140359074,-20.000000000000007
-0.16226514651890211,1.4799780943445653,-20.000000000000007
-0.1489623238983579,1.4412504362146565,-20.000000000000007
-0.1362745899628907,1.4698692019264865,-20.000000000000007
-0.13766089245675406,1.4109848407592605,-20.000000000000007
-0.1489623238983579,1.441250436214657,-20.000000000000007
-0.15748675287147956,1.4729437082436276,-20.000000000000007
-0.16491224342351885,1.4962079272044329,-20.000000000000007
-0.16491224342351885,1.4962079272044326,-20.000000000000007
-0.16015086704143036,1.4658572207674505,-20.000000000000007
-0.1617536389502492,1.4767475548411564,-20.000000000000007
-0.16015086704143036,1.4658572207674503,-20.000000000000007
-0.14969871320520373,1.437675006587023,-20.000000000000007
-0.17259283802865877,1.5472393109831908,-20.000000000000007
-0.151885716309857,1.402262875380409,-20.000000000000007
-0.17716407672167847,1.5760687284044748,-20.000000000000007
-0.18226034594502277,1.575240624019803,-20.000000000000007
-0.17917386072802036,1.5901780441278879,-20.000000000000007
-0.18110619219721427,1.5615965088310682,-20.000000000000007
-0.1754824483155792,1.566996165209496,-20.000000000000007
-0.180374903390968,1.5624216849117094,-20.000000000000007
-0.18226034594502277,1.575240624019803,-20.000000000000007
-0.18886938598024677,1.5715946146796025,-20.000000000000007
-0.18886938598024677,1.5715946146796025,-20.000000000000007
-0.1809907676203989,1.568880922545269,-20.000000000000007
-0.18180396792141792,1.5689694032660026,-20.000000000000007
-0.18106147927731095,1.566601446293014,-20.000000000000007
-0.1960505233279444,1.69945074698241,-20.000000000000007
-0.18160650863614658,1.5652904978856892,-20.000000000000007
-0.18885818653230285,1.5776548930151266,-20.000000000000007
-0.21827512813214567,1.9327711581825628,-20.000000000000007
-0.24233012893262867,1.8479407891859199,-20.000000000000007
-0.26705307955773855,1.767331376883539,-20.000000000000007
-0.2809003885455943,1.5086177194762278,-20.000000000000007
-0.28008452293635033,1.5133503238230788,-20.000000000000007
-0.27901490732479817,1.5407490615115356,-20.000000000000007
-0.27070084534253025,1.7107628650266573,-20.000000000000007
-0.2649772189644941,1.7633386230948065,-20.000000000000007
-0.2653801958788796,1.7659441053288571,-20.000000000000007
-0.2570701348645571,1.7713929192899096,-20.000000000000007
-0.2531994915135074,1.756842226038719,-20.000000000000007
-0.24525925773390972,1.822773263095502,-20.000000000000007
-0.2275318827650552,1.9250291311914793,-20.000000000000007
-0.20139347992708184,1.7055505241438345,-20.000000000000007
-0.18245135093884662,1.572667398433674,-20.000000000000007
-0.1729187157354297,1.5934671248005738,-20.000000000000007
-0.17115751182562047,1.5948277322235276,-20.000000000000007
-0.17230075206441223,1.5935067427276295,-20.000000000000007
-0.17177201680536935,1.5990902493924235,-20.000000000000007
-0.1723007520644122,1.5935067427276293,-20.000000000000007
-0.17510106245462623,1.5664045252620538,-20.000000000000007
-0.18226034594502277,1.575240624019803,-20.000000000000007
-0.17950911580190798,1.5810607140359072,-20.000000000000007
-0.17259283802865877,1.5472393109831908,-20.000000000000007
-0.16226514651890211,1.479978094344565,-20.000000000000007
-0.14947306268121344,1.4401096667703466,-20.000000000000007
-0.15280423597603296,1.4087123965335242,-20.000000000000007
-0.17337853243457835,1.551936566642219,-20.000000000000007
-0.14975415741304388,1.4356391577721637,-20.000000000000007
-0.17933485877093763,1.5832655028315092,-20.000000000000007
-0.18067000068203443,1.5594198148107747,-20.000000000000007
-0.18842511370101273,1.5738540301251946,-20.000000000000007
-0.18837473412143407,1.5733779606841163,-20.000000000000007
-0.180374903390968,1.5624216849117096,-20.000000000000007
-0.18226034594502283,1.575240624019803,-20.000000000000007
-0.17950911580190798,1.5810607140359072,-20.000000000000007
-0.18945532208693444,1.576362771578332,-20.000000000000007
-0.18915002827871116,1.5728811212556728,-20.000000000000007
-0.1754297211774084,1.5709628390265231,-20.000000000000007
-0.18160449471629359,1.5653668616837884,-20.000000000000007
-0.17510106557395994,1.5664100330278887,-20.000000000000007
-0.1816065107157024,1.5652941697295795,-20.000000000000007
-0.18122566722890535,1.5694315109664934,-20.000000000000007
-0.18226034594502277,1.5752406240198031,-20.000000000000007
-0.1894245325731731,1.5791548760255545,-20.000000000000007
-0.2040443086596288,1.7471900021231153,-20.000000000000007
-0.2317380046122724,1.913286973414019,-20.000000000000007
-0.2453754064510582,1.8240099211350282,-20.000000000000007
-0.2483968894966769,1.7820531709883438,-20.000000000000007
-0.2537543634101053,1.7681209896518113,-20.000000000000007
-0.2538026825397692,1.7690137789692568,-20.000000000000007
-0.2567799843169307,1.7718874768254966,-20.000000000000007
-0.25354922465006957,1.7668554769849827,-20.000000000000007
-0.24765004788730657,1.7962154489931232,-20.000000000000007
-0.23538467694061216,1.9234328870905966,-20.000000000000007
-0.22126242425464535,1.9315727728415628,-20.000000000000007
-0.19927599968825097,1.6820169922625399,-20.000000000000007
-0.1804043718668858,1.561176753585045,-20.000000000000007
-0.14975414285615304,1.4356134548649337,-20.000000000000007
-0.13500799762049986,1.4901723146345818,-20.000000000000007
-0.13477851668463556,1.493063189381522,-20.000000000000007
-0.13496593015556185,1.4904004997731795,-20.000000000000007
-0.1352364542451437,1.4956132648969094,-20.000000000000007
-0.1377468926182409,1.4138227263361494,-20.000000000000007
-0.14975414285615307,1.4356134548649337,-20.000000000000007
-0.1622651465189021,1.4799780943445653,-20.000000000000007
-0.17426758362483646,1.5596310191219986,-20.000000000000007
-0.1754824483155792,1.566996165209496,-20.000000000000007
-0.17716407672167847,1.5760687284044748,-20.000000000000007
-0.179509115801908,1.5810607140359076,-20.000000000000007
-0.17259283802865874,1.547239310983191,-20.000000000000007
-0.16226514651890211,1.4799780943445653,-20.000000000000007
-0.17548244831557921,1.566996165209496,-20.000000000000007
-0.17259283802865877,1.5472393109831906,-20.000000000000007
-0.1811061921972143,1.5615965088310682,-20.000000000000007
-0.1822603459450228,1.5752406240198031,-20.000000000000007
-0.17917386072802038,1.5901780441278877,-20.000000000000007
-0.17917386072802038,1.5901780441278879,-20.000000000000007
-0.1754824483155792,1.566996165209496,-20.000000000000007
-0.17716407672167847,1.5760687284044745,-20.000000000000007
-0.18226034594502277,1.575240624019803,-20.000000000000007
-0.18226034594502277,1.575240624019803,-20.000000000000007
-0.18037490339096798,1.5624216849117096,-20.000000000000007
-0.17950911580190798,1.5810607140359072,-20.000000000000007
-0.17917386072802038,1.5901780441278874,-20.000000000000007
-0.1742675836248365,1.559631019121999,-20.000000000000007
-0.1727105924878417,1.5475677015548939,-20.000000000000007
-0.17825534106184446,1.5837285229747722,-20.000000000000007
-0.18888897604606414,1.574862788567904,-20.000000000000007
-0.22032655758356345,1.9351467851278235,-20.000000000000007
-0.25677700892743516,1.7710504404728775,-20.000000000000007
-0.26909017891987663,1.7392878025807181,-20.000000000000007
-0.2796893039674688,1.522600763995834,-20.000000000000007
-0.2813353588741037,1.524910265310747,-20.000000000000007
-0.2797815093286059,1.5244549667683718,-20.000000000000007
-0.28041454659510007,1.5063937599972879,-20.000000000000007
-0.27642031676801015,1.6131842397830274,-20.000000000000007
-0.25706781232562104,1.770752242060789,-20.000000000000007
-0.2502845554208488,1.7235141714337494,-20.000000000000007
-0.2435207315104424,1.8370823397414686,-20.000000000000007
-0.22165404893871923,1.934542116797381,-20.000000000000007
-0.2040443086596288,1.7471900021231153,-20.000000000000007
-0.18067000068203443,1.5594198148107745,-20.000000000000007
-0.1617536389502492,1.4767475548411566,-20.000000000000007
-0.14975414285615304,1.4356134548649337,-20.000000000000007
-0.14975414285615307,1.435613454864934,-20.000000000000007
-0.17337853243457832,1.5519365666422187,-20.000000000000007
-0.17716407672167847,1.5760687284044748,-20.000000000000007
-0.179509115801908,1.5810607140359072,-20.000000000000007
-0.179509115801908,1.5810607140359072,-20.000000000000007
-0.18067000068203443,1.5594198148107745,-20.000000000000007
-0.1822603459450228,1.5752406240198031,-20.000000000000007
-0.1822603459450228,1.5752406240198031,-20.000000000000007
-0.18226034594502277,1.5752406240198031,-20.000000000000007
-0.17259283802865877,1.5472393109831906,-20.000000000000007
-0.179509115801908,1.5810607140359072,-20.000000000000007
-0.179509115801908,1.5810607140359072,-20.000000000000007
-0.17950911580190798,1.5810607140359072,-20.000000000000007
-0.18842511370101278,1.5738540301251946,-20.000000000000007
-0.180374903390968,1.5624216849117094,-20.000000000000007
-0.17917386072802036,1.5901780441278877,-20.000000000000007
-0.17950911580190798,1.5810607140359072,-20.000000000000007
-0.18226034594502277,1.575240624019803,-20.000000000000007
-0.18842511370101273,1.5738540301251946,-20.000000000000007
-0.18945532208693444,1.576362771578332,-20.000000000000007
-0.1888693859802468,1.5715946146796025,-20.000000000000007
-0.17387595621134555,1.5599660941195899,-20.000000000000007
-0.1750691443919082,1.5677190487190198,-20.000000000000007
-0.1723007562235239,1.5935140864154094,-20.000000000000007
-0.16824577675426547,1.5713804974097523,-20.000000000000007
-0.17337853243457835,1.5519365666422187,-20.000000000000007
-0.16491224342351887,1.4962079272044329,-20.000000000000007
-0.1822603459450228,1.575240624019803,-20.000000000000007
-0.2040443086596288,1.7471900021231157,-20.000000000000007
-0.23538467694061216,1.9234328870905961,-20.000000000000007
-0.2489477956802994,1.7654260612210058,-20.000000000000007
-0.2560323469525233,1.7677169602188452,-20.000000000000007
-0.2568706436582775,1.771622292225291,-20.000000000000007
-0.25654177983930115,1.7706195191653702,-20.000000000000007
-0.2568142431796844,1.7714254073301814,-20.000000000000007
-0.25525780825888905,1.7696267741050191,-20.000000000000007
-0.25359754377973354,1.7677482663024282,-20.000000000000007
-0.24894779568029934,1.7654260612210053,-20.000000000000007
-0.23246637703641987,1.9154094041285457,-20.000000000000007
-0.2182751281321456,1.9327711581825628,-20.000000000000007
-0.18888897604606417,1.5748627885679038,-20.000000000000007
-0.179509115801908,1.5810607140359074,-20.000000000000007
-0.16807884768813744,1.5625068276020446,-20.000000000000007
-0.15618879263886107,1.5007441521483997,-20.000000000000007
-0.16068037498543777,1.527863046659199,-20.000000000000007
-0.17342151256458302,1.5556575549672629,-20.000000000000007
-0.17212649503344188,1.5957115315232313,-20.000000000000007
-0.1586910162465251,1.4849299356837062,-20.000000000000007
-0.1754824483155792,1.566996165209496,-20.000000000000007
-0.14975414285615307,1.4356134548649337,-20.000000000000007
-0.14969871320520373,1.437675006587023,-20.000000000000007
-0.17825534106184446,1.5837285229747724,-20.000000000000007
-0.16015086704143033,1.4658572207674503,-20.000000000000007
-0.17917386072802038,1.5901780441278879,-20.000000000000007
-0.18067000068203443,1.559419814810775,-20.000000000000007
-0.16226514651890211,1.4799780943445655,-20.000000000000007
-0.1806700006820344,1.5594198148107745,-20.000000000000007
-0.17933485877093766,1.5832655028315092,-20.000000000000007
-0.16015086704143033,1.4658572207674505,-20.000000000000007
-0.1754824483155792,1.5669961652094957,-20.000000000000007
-0.14975414285615307,1.4356134548649337,-20.000000000000007
-0.1377468926182409,1.4138227263361496,-20.000000000000007
-0.17917386072802036,1.5901780441278879,-20.000000000000007
-0.176942965478157,1.5727431410120194,-20.000000000000007
-0.1724249281920105,1.5949293566576475,-20.000000000000007
-0.17215255537729224,1.5947357129234394,-20.000000000000007
-0.17102696731822506,1.593751878258844,-20.000000000000007
-0.17510106557395996,1.566410033027889,-20.000000000000007
-0.15890037786961225,1.5140226726475716,-20.000000000000007
-0.16175363895024922,1.4767475548411566,-20.000000000000007
-0.17716407672167844,1.5760687284044745,-20.000000000000007
-0.18837473412143407,1.5733779606841163,-20.000000000000007
-0.23600487970838782,1.9174124641319563,-20.000000000000007
-0.26039337816312036,1.7681045840090244,-20.000000000000007
-0.2840058740793768,1.5508900858620294,-20.000000000000007
-0.28792142465882803,1.5730996135501176,-20.000000000000007
-0.28448834770180204,1.557908182971589,-20.000000000000007
-0.2855148121073891,1.5631726242681472,-20.000000000000007
-0.28015056852487374,1.5049249248193286,-20.000000000000007
-0.27965054770780057,1.5205278537775684,-20.000000000000007
-0.2762572881687932,1.6093831430886234,-20.000000000000007
-0.2645097652915035,1.7621367753841424,-20.000000000000007
-0.25208571156238235,1.7455739038596285,-20.000000000000007
-0.234408232611389,1.9331740021179946,-20.000000000000007
-0.21851335106583322,1.936339667920196,-20.000000000000007
-0.20151001609147662,1.70520820416318,-20.000000000000007
-0.17510106245462623,1.5664045252620538,-20.000000000000007
-0.17510106245462623,1.5664045252620538,-20.000000000000007
-0.17230075206441223,1.5935067427276295,-20.000000000000007
-0.1606803749854378,1.5278630466591987,-20.000000000000007
-0.18206498278704597,1.5720811476233032,-20.000000000000007
-0.18154410935381965,1.5691001756908358,-20.000000000000007
-0.18837473412143405,1.573377960684116,-20.000000000000007
-0.18888897604606414,1.574862788567904,-20.000000000000007
-0.1622651465189021,1.479978094344565,-20.000000000000007
-0.17426758362483646,1.5596310191219986,-20.000000000000007
-0.179509115801908,1.5810607140359072,-20.000000000000007
-0.17694296547815702,1.5727431410120194,-20.000000000000007
-0.18110619219721427,1.5615965088310682,-20.000000000000007
-0.17950911580190798,1.5810607140359072,-20.000000000000007
-0.17917386072802038,1.5901780441278879,-20.000000000000007
-0.1822603459450228,1.575240624019803,-20.000000000000007
-0.17716407672167847,1.5760687284044743,-20.000000000000007
-0.18837473412143407,1.573377960684116,-20.000000000000007
-0.1822603459450228,1.5752406240198031,-20.000000000000007
-0.18226034594502283,1.5752406240198031,-20.000000000000007
-0.18226034594502277,1.575240624019803,-20.000000000000007
-0.18037490339096798,1.5624216849117096,-20.000000000000007
-0.18837473412143405,1.573377960684116,-20.000000000000007
-0.17506089947291542,1.5708181048611018,-20.000000000000007
-0.18206296886719303,1.5721575114214021,-20.000000000000007
-0.18106147927731098,1.566601446293014,-20.000000000000007
-0.1703340981760395,1.5849866947369589,-20.000000000000007
-0.17917386072802038,1.5901780441278879,-20.000000000000007
-0.1617536389502492,1.4767475548411566,-20.000000000000007
-0.18885818653230282,1.5776548930151268,-20.000000000000007
-0.22595826031529195,1.9324263488581668,-20.000000000000007
-0.24753611064781525,1.7981305890838026,-20.000000000000007
-0.25716381001676597,1.7710168224347886,-20.000000000000007
-0.25092699487915726,1.729344889771084,-20.000000000000007
-0.2502845554208488,1.7235141714337494,-20.000000000000007
-0.2563597866006839,1.768245810781284,-20.000000000000007
-0.26172544694559735,1.7661793459212412,-20.000000000000007
-0.2756149861561281,1.5898077312328853,-20.000000000000007
-0.2800521358688057,1.5198782003429283,-20.000000000000007
-0.26467178355151566,1.7629831314878701,-20.000000000000007
-0.24983746969752973,1.735072632605674,-20.000000000000007
-0.22903447707550287,1.9276403862238338,-20.000000000000007
-0.19303815211615682,1.6120202560143866,-20.000000000000007
-0.17542972117740843,1.5709628390265231,-20.000000000000007
-0.1591797512491012,1.515004637837892,-20.000000000000007
-0.1675013959742941,1.5659485007450449,-20.000000000000007
-0.1675013959742941,1.565948500745045,-20.000000000000007
-0.1570510904732872,1.5036218935682937,-20.000000000000007
-0.19605052332794443,1.6994507469824103,-20.000000000000007
-0.19433249470145758,1.6242792335113934,-20.000000000000007
-0.19303815211615682,1.6120202560143866,-20.000000000000007
-0.19303815211615682,1.6120202560143864,-20.000000000000007
-0.17426758362483646,1.5596310191219986,-20.000000000000007
-0.1622651465189021,1.479978094344565,-20.000000000000007
-0.16015086704143036,1.4658572207674503,-20.000000000000007
-0.17917386072802038,1.5901780441278879,-20.000000000000007
-0.16491224342351885,1.4962079272044329,-20.000000000000007
-0.18040437186688577,1.5611767535850447,-20.000000000000007
-0.18226034594502277,1.575240624019803,-20.000000000000007
-0.17933485877093766,1.5832655028315095,-20.000000000000007
-0.1822603459450228,1.5752406240198034,-20.000000000000007
-0.17933485877093766,1.5832655028315092,-20.000000000000007
-0.1822603459450228,1.575240624019803,-20.000000000000007
-0.18226034594502277,1.575240624019803,-20.000000000000007
-0.18837473412143407,1.573377960684116,-20.000000000000007
-0.1822099663654441,1.5747645545787243,-20.000000000000007
-0.17542972117740843,1.5709628390265231,-20.000000000000007
-0.18110984285748086,1.567150207688302,-20.000000000000007
-0.18105946327790218,1.566674138247223,-20.000000000000007
-0.18160651071570239,1.565294169729579,-20.000000000000007
-0.17288411621543606,1.5613034517219715,-20.000000000000007
-0.1509864912825978,1.3992341320455806,-20.000000000000007
-0.17716407672167847,1.5760687284044743,-20.000000000000007
-0.1930381521161568,1.6120202560143864,-20.000000000000007
-0.24756984838687413,1.7967833322649396,-20.000000000000007
-0.28075530797541237,1.5116905185834442,-20.000000000000007
-0.2975115224577338,1.5837350831575452,-20.000000000000007
-0.29145195086946407,1.5886240208932991,-20.000000000000007
-0.2873052309822628,1.5701880721064887,-20.000000000000007
-0.2857609807639739,1.5635482586604632,-20.000000000000007
-0.28430168384576776,1.5549611531460616,-20.000000000000007
-0.2859741591518499,1.5657933033163327,-20.000000000000007
-0.2807553079754124,1.5116905185834442,-20.000000000000007
-0.26536069841828297,1.7659571933544056,-20.000000000000007
-0.24983746969752973,1.7350726326056742,-20.000000000000007
-0.22903447707550287,1.9276403862238338,-20.000000000000007
-0.20438912631107453,1.746757119847901,-20.000000000000007
-0.18154410935381968,1.569100175690836,-20.000000000000007
-0.1703340981760395,1.5849866947369589,-20.000000000000007
-0.16696030971326423,1.5639589047489202,-20.000000000000007
-0.1591797356524324,1.5149770990087172,-20.000000000000007
-0.1606803749854378,1.5278630466591987,-20.000000000000007
-0.1570510904732872,1.5036218935682935,-20.000000000000007
-0.17337853243457835,1.5519365666422185,-20.000000000000007
-0.17917386072802038,1.5901780441278879,-20.000000000000007
-0.179509115801908,1.5810607140359072,-20.000000000000007
-0.1804043718668858,1.561176753585045,-20.000000000000007
-0.1811061921972143,1.5615965088310684,-20.000000000000007
-0.17950911580190798,1.5810607140359074,-20.000000000000007
-0.17917386072802036,1.5901780441278879,-20.000000000000007
-0.17950911580190798,1.5810607140359072,-20.000000000000007
-0.17259283802865877,1.5472393109831906,-20.000000000000007
-0.17917386072802038,1.5901780441278877,-20.000000000000007
-0.17950911580190804,1.5810607140359072,-20.000000000000007
-0.180374903390968,1.5624216849117096,-20.000000000000007
-0.18226034594502283,1.5752406240198034,-20.000000000000007
-0.179509115801908,1.5810607140359074,-20.000000000000007
-0.18226034594502277,1.5752406240198031,-20.000000000000007
-0.1822603459450228,1.575240624019803,-20.000000000000007
-0.18832435454185534,1.5729018912430375,-20.000000000000007
-0.18832435454185534,1.572901891243037,-20.000000000000007
-0.17232681240826256,1.5925309241278374,-20.000000000000007
-0.18157370520253224,1.568158966131011,-20.000000000000007
-0.17510106557395994,1.5664100330278887,-20.000000000000007
-0.16772250721781556,1.5692740881375005,-20.000000000000007
-0.17933485877093766,1.5832655028315092,-20.000000000000007
-0.16270023080057264,1.4821412217524916,-20.000000000000007
-0.18226034594502277,1.575240624019803,-20.000000000000007
-0.2185133510658332,1.9363396679201963,-20.000000000000007
-0.2452776421772323,1.823694982129578,-20.000000000000007
-0.24894779568029934,1.7654260612210055,-20.000000000000007
-0.2527603644453234,1.7515370979857023,-20.000000000000007
-0.2549335022414257,1.7718608969257508,-20.000000000000007
-0.25675478594897355,1.7713705758462703,-20.000000000000007
-0.27491770877798427,1.5884110753766927,-20.000000000000007
-0.2791394120872044,1.5012773719131045,-20.000000000000007
-0.26652159116172985,1.7652789805663418,-20.000000000000007
-0.2534845500087297,1.7658452223784262,-20.000000000000007
-0.234408232611389,1.9331740021179948,-20.000000000000007
-0.21276096579532144,1.856877738027978,-20.000000000000007
-0.18888897604606414,1.5748627885679038,-20.000000000000007
-0.179509115801908,1.5810607140359072,-20.000000000000007
-0.1607070971479323,1.507390219287159,-20.000000000000007
-0.1601913582030462,1.5101051593624795,-20.000000000000007
-0.16696031699170963,1.5639717562025353,-20.000000000000007
-0.16696030971326423,1.5639589047489202,-20.000000000000007
-0.17510106245462623,1.5664045252620538,-20.000000000000007
-0.18245135093884665,1.5726673984336743,-20.000000000000007
-0.1822603459450228,1.575240624019803,-20.000000000000007
-0.18837473412143407,1.5733779606841163,-20.000000000000007
-0.17825534106184449,1.5837285229747724,-20.000000000000007
-0.16015086704143033,1.4658572207674505,-20.000000000000007
-0.17548244831557921,1.566996165209496,-20.000000000000007
-0.17259283802865877,1.5472393109831906,-20.000000000000007
-0.17825534106184443,1.5837285229747722,-20.000000000000007
-0.18040437186688582,1.561176753585045,-20.000000000000007
-0.16226514651890211,1.4799780943445653,-20.000000000000007
-0.1822603459450228,1.575240624019803,-20.000000000000007
-0.18067000068203443,1.5594198148107745,-20.000000000000007
-0.17933485877093763,1.5832655028315092,-20.000000000000007
-0.18837473412143405,1.573377960684116,-20.000000000000007
-0.1617536389502492,1.4767475548411562,-20.000000000000007
-0.17825534106184443,1.5837285229747722,-20.000000000000007
-0.17950911580190798,1.5810607140359074,-20.000000000000007
-0.1729608685921291,1.560936826610933,-20.000000000000007
-0.1750691443919082,1.5677190487190196,-20.000000000000007
-0.1750691443919082,1.5677190487190196,-20.000000000000007
-0.17510106557395996,1.5664100330278887,-20.000000000000007
-0.16772251345648304,1.5692851036691702,-20.000000000000007
-0.16226514651890211,1.479978094344565,-20.000000000000007
-0.18037490339096798,1.5624216849117094,-20.000000000000007
-0.1894245325731731,1.5791548760255547,-20.000000000000007
-0.2451245753003214,1.8178102846905113,-20.000000000000007
-0.2819252686870596,1.5318721242677231,-20.000000000000007
-0.2840058740793768,1.5508900858620296,-20.000000000000007
-0.2939214314156191,1.5971422552553445,-20.000000000000007
-0.30176944672313,1.5365596759207838,-20.000000000000007
-0.28953497724503485,1.5815938510317888,-20.000000000000007
-0.2928848964359753,1.5872618419914255,-20.000000000000007
-0.2819252686870595,1.531872124267723,-20.000000000000007
-0.26523415692589575,1.7639317048100187,-20.000000000000007
-0.2503431653625295,1.7113441501340372,-20.000000000000007
-0.2361475777249521,1.9207959698853627,-20.000000000000007
-0.2208853973376787,1.931145289038375,-20.000000000000007
-0.19927599968825094,1.6820169922625399,-20.000000000000007
-0.17506914439190818,1.5677190487190196,-20.000000000000007
-0.17033410233515117,1.5849940384247385,-20.000000000000007
-0.1682457767542655,1.5713804974097525,-20.000000000000007
-0.17177201680536935,1.599090249392424,-20.000000000000007
-0.18160650863614658,1.5652904978856892,-20.000000000000007
-0.18111185573755592,1.5670720079682579,-20.000000000000007
-0.18226034594502277,1.575240624019803,-20.000000000000007
-0.1822603459450228,1.5752406240198031,-20.000000000000007
-0.17259283802865877,1.547239310983191,-20.000000000000007
-0.17259283802865877,1.5472393109831906,-20.000000000000007
-0.1742675836248365,1.559631019121999,-20.000000000000007
-0.16226514651890211,1.4799780943445653,-20.000000000000007
-0.17950911580190804,1.5810607140359074,-20.000000000000007
-0.179509115801908,1.5810607140359072,-20.000000000000007
-0.17716407672167844,1.5760687284044748,-20.000000000000007
-0.18067000068203443,1.5594198148107747,-20.000000000000007
-0.17917386072802038,1.5901780441278877,-20.000000000000007
-0.18837473412143405,1.573377960684116,-20.000000000000007
-0.18837473412143407,1.573377960684116,-20.000000000000007
-0.18250173051842533,1.5731434678747531,-20.000000000000007
-0.18837473412143405,1.5733779606841163,-20.000000000000007
-0.17917386072802036,1.5901780441278879,-20.000000000000007
-0.18915002827871116,1.5728811212556728,-20.000000000000007
-0.18154410935381968,1.5691001756908363,-20.000000000000007
-0.18180396792141792,1.5689694032660029,-20.000000000000007
-0.18180396792141792,1.5689694032660029,-20.000000000000007
-0.1669603169917096,1.5639717562025353,-20.000000000000007
-0.17033410233515117,1.5849940384247385,-20.000000000000007
-0.16015086704143033,1.4658572207674503,-20.000000000000007
-0.17950911580190798,1.5810607140359072,-20.000000000000007
-0.2011724582994196,1.705762081239453,-20.000000000000007
-0.2208853973376787,1.931145289038375,-20.000000000000007
-0.24753611064781528,1.7981305890838026,-20.000000000000007
-0.2481293851171244,1.7856504139612346,-20.000000000000007
-0.25375436341010527,1.7681209896518113,-20.000000000000007
-0.26406406578710606,1.7599132362164822,-20.000000000000007
-0.2667565134828852,1.7618320179012814,-20.000000000000007
-0.2790418615852196,1.465820985743795,-20.000000000000007
-0.27777007473980697,1.5628436228149545,-20.000000000000007
-0.2578611425356325,1.7745484499516668,-20.000000000000007
-0.24814112531457122,1.7856141230658023,-20.000000000000007
-0.22908401014588486,1.9272000926378037,-20.000000000000007
-0.2047365030509324,1.7580889424488189,-20.000000000000007
-0.1822603459450228,1.5752406240198034,-20.000000000000007
-0.17337853243457835,1.5519365666422185,-20.000000000000007
-0.14975414285615307,1.4356134548649337,-20.000000000000007
-0.14975414285615307,1.4356134548649337,-20.000000000000007
-0.14969871320520373,1.4376750065870232,-20.000000000000007
-0.16491224342351887,1.4962079272044326,-20.000000000000007
-0.17917386072802036,1.5901780441278879,-20.000000000000007
-0.17548244831557921,1.5669961652094957,-20.000000000000007
-0.17917386072802038,1.5901780441278879,-20.000000000000007
-0.16226514651890211,1.4799780943445653,-20.000000000000007
-0.16226514651890211,1.479978094344565,-20.000000000000007
-0.16175363895024922,1.4767475548411564,-20.000000000000007
-0.17694296547815702,1.572743141012019,-20.000000000000007
-0.17917386072802038,1.5901780441278879,-20.000000000000007
-0.17917386072802038,1.5901780441278877,-20.000000000000007
-0.17259283802865877,1.5472393109831908,-20.000000000000007
-0.15188571630985698,1.402262875380409,-20.000000000000007
-0.17259283802865874,1.5472393109831906,-20.000000000000007
-0.16491224342351887,1.4962079272044326,-20.000000000000007
-0.179509115801908,1.5810607140359072,-20.000000000000007
-0.17917386072802036,1.5901780441278877,-20.000000000000007
-0.16491224342351887,1.4962079272044329,-20.000000000000007
-0.17337853243457832,1.5519365666422185,-20.000000000000007
-0.1723599823635926,1.5450335733037923,-20.000000000000007
-0.17950911580190798,1.5810607140359074,-20.000000000000007
-0.1822603459450228,1.5752406240198031,-20.000000000000007
-0.1804043718668858,1.561176753585045,-20.000000000000007
-0.17825534106184443,1.5837285229747722,-20.000000000000007
-0.17825534106184446,1.5837285229747722,-20.000000000000007
-0.17917386072802038,1.5901780441278877,-20.000000000000007
-0.176942965478157,1.5727431410120192,-20.000000000000007
-0.17825534106184446,1.5837285229747726,-20.000000000000007
-0.1669810025935348,1.556605408845693,-20.000000000000007
-0.16707916477737225,1.5589799842895353,-20.000000000000007
-0.15730223284255176,1.4728691892634813,-20.000000000000007
-0.1376608460566645,1.411008697845228,-20.000000000000007
-0.13500799762049986,1.4901723146345816,-20.000000000000007
-0.1303479817791215,1.5266383311222402,-20.000000000000007
-0.1303479817791215,1.5266383311222402,-20.000000000000007
-0.13477851668463559,1.4930631893815218,-20.000000000000007
-0.13225188883939853,1.505849498802996,-20.000000000000007
-0.13496974848001758,1.4907327764956038,-20.000000000000007
-0.1350079976204999,1.4901723146345816,-20.000000000000007
-0.13496593015556185,1.490400499773179,-20.000000000000007
-0.13559501490126288,1.4971204706629224,-20.000000000000007
-0.13495829350665048,1.4897359463283295,-20.000000000000007
-0.13496593015556185,1.4904004997731792,-20.000000000000007
-0.13496593015556185,1.490400499773179,-20.000000000000007
-0.13034798177912152,1.52663833112224,-20.000000000000007
-0.13496593015556185,1.4904004997731795,-20.000000000000007
-0.13162334867738157,1.5125531912026637,-20.000000000000007
-0.1349582935066505,1.4897359463283295,-20.000000000000007
-0.13523645424514372,1.4956132648969094,-20.000000000000007
-0.13495829350665048,1.4897359463283295,-20.000000000000007
-0.13634314369070832,1.469091816603712,-20.000000000000007
-0.13505647193701795,1.4933154606281192,-20.000000000000007
-0.13766033188648452,1.4110074467856224,-20.000000000000007
-0.1377468926182409,1.4138227263361496,-20.000000000000007
-0.1352846436625125,1.4952131339762693,-20.000000000000007
-0.14975414285615304,1.435613454864934,-20.000000000000007
-0.13559501490126288,1.4971204706629224,-20.000000000000007
-0.14975414285615307,1.4356134548649337,-20.000000000000007
-0.14975414285615307,1.435613454864934,-20.000000000000007
-0.1377468926182409,1.4138227263361496,-20.000000000000007
-0.16175363895024922,1.4767475548411564,-20.000000000000007
-0.13766033188648452,1.4110074467856224,-20.000000000000007
-0.1617536389502492,1.4767475548411566,-20.000000000000007
-0.13774689261824094,1.4138227263361496,-20.000000000000007
-0.14975415741304388,1.4356391577721634,-20.000000000000007
-0.16015086704143036,1.4658572207674503,-20.000000000000007
-0.13766089245675406,1.4109848407592605,-20.000000000000007
-0.17259283802865874,1.5472393109831906,-20.000000000000007
-0.1489623238983579,1.441250436214657,-20.000000000000007
-0.16226514651890211,1.479978094344565,-20.000000000000007
-0.16226514651890211,1.4799780943445655,-20.000000000000007
-0.14975415741304388,1.4356391577721634,-20.000000000000007
-0.17337853243457832,1.5519365666422185,-20.000000000000007
-0.14896232389835787,1.441250436214657,-20.000000000000007
-0.17235998236359257,1.5450335733037925,-20.000000000000007
-0.16015086704143036,1.4658572207674507,-20.000000000000007
-0.16015086704143036,1.4658572207674503,-20.000000000000007
-0.1725928380286588,1.5472393109831908,-20.000000000000007
-0.14975414285615307,1.4356134548649337,-20.000000000000007
-0.16226514651890211,1.4799780943445653,-20.000000000000007
-0.14975415741304388,1.4356391577721634,-20.000000000000007
-0.16226514651890211,1.479978094344565,-20.000000000000007
-0.1617536389502492,1.4767475548411564,-20.000000000000007
-0.16015086704143036,1.4658572207674505,-20.000000000000007
-0.1627002308005726,1.4821412217524914,-20.000000000000007
-0.15098649128259778,1.3992341320455806,-20.000000000000007
-0.16491224342351887,1.4962079272044329,-20.000000000000007
-0.17259283802865877,1.5472393109831908,-20.000000000000007
-0.16491224342351887,1.4962079272044329,-20.000000000000007
-0.16270023080057264,1.4821412217524914,-20.000000000000007
-0.16015086704143036,1.4658572207674503,-20.000000000000007
-0.15280423597603296,1.4087123965335244,-20.000000000000007
-0.1509864912825978,1.3992341320455803,-20.000000000000007
-0.1509864912825978,1.3992341320455806,-20.000000000000007
-0.14975414285615307,1.4356134548649337,-20.000000000000007
-0.14975414285615304,1.435613454864934,-20.000000000000007
-0.14969871320520373,1.437675006587023,-20.000000000000007
-0.14969871320520373,1.4376750065870232,-20.000000000000007
-0.14896232389835787,1.441250436214657,-20.000000000000007
-0.14896232389835787,1.441250436214657,-20.000000000000007
-0.13766089245675403,1.4109848407592602,-20.000000000000007
-0.1377468926182409,1.4138227263361494,-20.000000000000007
-0.13766089245675403,1.4109848407592605,-20.000000000000007
-0.13634314369070832,1.469091816603712,-20.000000000000007
-0.13634314369070832,1.469091816603712,-20.000000000000007
-0.13505647193701792,1.4933154606281192,-20.000000000000007
-0.13559501490126286,1.4971204706629224,-20.000000000000007
-0.13505394683634653,1.4898994611030376,-20.000000000000007
-0.13766089245675406,1.4109848407592602,-20.000000000000007
-0.13766089245675403,1.4109848407592602,-20.000000000000007
-0.1363431436907083,1.469091816603712,-20.000000000000007
-0.1377468926182409,1.4138227263361494,-20.000000000000007
-0.13521384973317274,1.49611779668814,-20.000000000000007
-0.14969871320520375,1.4376750065870232,-20.000000000000007
-0.13766089245675403,1.4109848407592605,-20.000000000000007
-0.13766089245675406,1.4109848407592607,-20.000000000000007
-0.14975415741304388,1.4356391577721634,-20.000000000000007
-0.1355242209719231,1.4980251333747934,-20.000000000000007
-0.13766089245675403,1.4109848407592602,-20.000000000000007
-0.13766089245675406,1.4109848407592605,-20.000000000000007
-0.1355242209719231,1.4980251333747931,-20.000000000000007
-0.14975415741304388,1.4356391577721639,-20.000000000000007
-0.13766089245675406,1.4109848407592602,-20.000000000000007
-0.14969871320520373,1.437675006587023,-20.000000000000007
-0.14969871320520375,1.4376750065870232,-20.000000000000007
-0.1352076196438386,1.4959794566787321,-20.000000000000007
-0.1509864912825978,1.3992341320455803,-20.000000000000007
-0.13538760195196436,1.4982772609475221,-20.000000000000007
-0.13774689261824094,1.4138227263361494,-20.000000000000007
-0.14975414285615307,1.4356134548649337,-20.000000000000007
-0.13481943428516963,1.4901153512901544,-20.000000000000007
-0.13766089245675406,1.4109848407592605,-20.000000000000007
-0.1349173278163878,1.4901515886757668,-20.000000000000007
-0.13481943428516963,1.4901153512901542,-20.000000000000007
-0.13507723071321404,1.496369924260869,-20.000000000000007
-0.13085363461826827,1.508329928343825,-20.000000000000007
-0.13085363461826827,1.5083299283438252,-20.000000000000007
-0.1308536346182683,1.5083299283438252,-20.000000000000007
-0.12959655351440094,1.5217356634353916,-20.000000000000007
-0.12959655351440094,1.5217356634353916,-20.000000000000007
-0.12959655351440094,1.5217356634353916,-20.000000000000007
-0.12775738770623662,1.5155771973130738,-20.000000000000007
-0.12775738770623662,1.5155771973130743,-20.000000000000007
-0.12775738770623662,1.515577197313074,-20.000000000000007
-0.12704284296367663,1.5194377997707007,-20.000000000000007
-0.12704284296367663,1.519437799770701,-20.000000000000007
-0.12704284296367666,1.5194377997707007,-20.000000000000007
-0.12704284296367663,1.519437799770701,-20.000000000000007
-0.12704279656358708,1.5194616568566686,-20.000000000000007
-0.12704279656358708,1.5194616568566686,-20.000000000000007
-0.12569005849080106,1.5250578094106222,-20.000000000000007
-0.12569001209071148,1.52508166649659,-20.000000000000007
-0.12569005849080103,1.5250578094106222,-20.000000000000007
-0.12569005849080103,1.5250578094106224,-20.000000000000007
-0.12569005849080103,1.5250578094106224,-20.000000000000007
-0.12569005849080103,1.525057809410622,-20.000000000000007
-0.12569005849080106,1.5250578094106224,-20.000000000000007
-0.12569005849080103,1.5250578094106222,-20.000000000000007
-0.12569005849080103,1.5250578094106222,-20.000000000000007
-0.12569005849080103,1.5250578094106224,-20.000000000000007
-0.12569005849080106,1.5250578094106224,-20.000000000000007
-0.12569001209071148,1.52508166649659,-20.000000000000007
-0.12569005849080106,1.5250578094106224,-20.000000000000007
-0.1256900120907115,1.52508166649659,-20.000000000000007
-0.12569001209071148,1.5250816664965903,-20.000000000000007
-0.12569001209071148,1.52508166649659,-20.000000000000007
-0.11240579018729664,1.5333266041320022,-20.000000000000007
-0.11240583658738619,1.5333027470460345,-20.000000000000007
-0.11240583658738618,1.5333027470460343,-20.000000000000007
-0.11240579018729666,1.5333266041320022,-20.000000000000007
-0.11240583658738618,1.5333027470460343,-20.000000000000007
-0.1124058365873862,1.5333027470460345,-20.000000000000007
-0.11240579018729663,1.5333266041320024,-20.000000000000007
-0.11240579018729663,1.5333266041320022,-20.000000000000007
-0.11160983668258678,1.5394053130640604,-20.000000000000007
-0.1256900120907115,1.5250816664965903,-20.000000000000007
-0.12489405858600165,1.531160375428648,-20.000000000000007
-0.12445773449913733,1.532282754350264,-20.000000000000007
-0.12489405858600165,1.5311603754286485,-20.000000000000007
-0.12445773449913733,1.532282754350264,-20.000000000000007
-0.12489405858600164,1.5311603754286482,-20.000000000000007
-0.12445773449913734,1.532282754350264,-20.000000000000007
-0.12445773449913733,1.532282754350264,-20.000000000000007
-0.12489405858600164,1.5311603754286482,-20.000000000000007
-0.1116098351229199,1.5394020136485218,-20.000000000000007
-0.12489405858600165,1.531160375428648,-20.000000000000007
-0.11161013015990387,1.5393901157399101,-20.000000000000007
-0.11161013015990386,1.5393901157399101,-20.000000000000007
-0.11161013015990386,1.5393901157399104,-20.000000000000007
-0.11161013015990386,1.5393901157399104,-20.000000000000007
-0.11161013015990386,1.5393901157399104,-20.000000000000007
-0.11161013015990386,1.5393901157399101,-20.000000000000007
-0.11161013015990387,1.5393901157399104,-20.000000000000007
-0.11161013015990384,1.5393901157399101,-20.000000000000007
-0.11160983668258678,1.5394053130640608,-20.000000000000007
-0.11161013015990386,1.5393901157399101,-20.000000000000007
-0.11161013015990384,1.5393901157399101,-20.000000000000007
-0.11161013015990384,1.5393901157399104,-20.000000000000007
-0.11161013015990386,1.5393901157399104,-20.000000000000007
-0.11161013015990387,1.5393901157399101,-20.000000000000007
-0.11161013015990384,1.5393901157399101,-20.000000000000007
-0.11161013015990384,1.5393901157399104,-20.000000000000007
-0.11161013015990386,1.5393901157399101,-20.000000000000007
-0.11160983668258677,1.5394053130640606,-20.000000000000007
-0.11161013015990387,1.5393901157399101,-20.000000000000007
-0.11160983668258677,1.5394053130640604,-20.000000000000007
-0.11160983668258675,1.5394053130640604,-20.000000000000007
-0.11160983668258675,1.5394053130640604,-20.000000000000007
-0.11160983668258675,1.5394053130640604,-20.000000000000007
-0.11160983512291989,1.5394020136485218,-20.000000000000007
-0.11161013015990386,1.5393901157399101,-20.000000000000007
-0.11161013015990384,1.5393901157399104,-20.000000000000007
-0.11288323138208281,1.5463620943403846,-20.000000000000007
-0.11288323138208284,1.5463620943403846,-20.000000000000007
-0.11288323138208282,1.5463620943403846,-20.000000000000007
-0.11288323138208281,1.5463620943403844,-20.000000000000007
-0.11288323138208282,1.5463620943403849,-20.000000000000007
-0.11161013015990384,1.5393901157399104,-20.000000000000007
-0.11161013015990384,1.5393901157399101,-20.000000000000007
-0.11161013015990384,1.5393901157399104,-20.000000000000007
-0.11161013015990386,1.5393901157399101,-20.000000000000007
-0.11161013015990384,1.5393901157399104,-20.000000000000007
-0.11161013015990386,1.5393901157399101,-20.000000000000007
-0.11161013015990384,1.5393901157399101,-20.000000000000007
-0.11288323138208281,1.5463620943403846,-20.000000000000007
-0.11288323138208281,1.5463620943403844,-20.000000000000007
-0.11161013015990384,1.5393901157399101,-20.000000000000007
-0.11161013015990386,1.5393901157399101,-20.000000000000007
-0.11288323138208281,1.5463620943403849,-20.000000000000007
-0.11161013015990386,1.5393901157399101,-20.000000000000007
-0.11288323138208281,1.5463620943403842,-20.000000000000007
-0.11288323138208281,1.5463620943403844,-20.000000000000007
-0.11288323138208281,1.5463620943403842,-20.000000000000007
-0.11288323138208282,1.5463620943403844,-20.000000000000007
-0.11161013015990386,1.53939011573991,-20.000000000000007
-0.11288323138208284,1.5463620943403844,-20.000000000000007
-0.11288323138208281,1.5463620943403844,-20.000000000000007
-0.11288323138208281,1.5463620943403846,-20.000000000000007
-0.11288323138208281,1.5463620943403846,-20.000000000000007
-0.11288323138208282,1.5463620943403844,-20.000000000000007
-0.11288323138208282,1.5463620943403844,-20.000000000000007
-0.11288323138208282,1.5463620943403846,-20.000000000000007
-0.11161013015990386,1.5393901157399101,-20.000000000000007
-0.11161013015990384,1.5393901157399101,-20.000000000000007
-0.11161013015990386,1.5393901157399101,-20.000000000000007
-0.11288323138208281,1.5463620943403846,-20.000000000000007
-0.11288323138208282,1.5463620943403846,-20.000000000000007
-0.11288323138208284,1.5463620943403846,-20.000000000000007
-0.11288323138208282,1.5463620943403846,-20.000000000000007
-0.11161013015990384,1.5393901157399104,-20.000000000000007
-0.11288323138208281,1.5463620943403844,-20.000000000000007
-0.11288323138208282,1.5463620943403844,-20.000000000000007
-0.11161013015990384,1.5393901157399101,-20.000000000000007
-0.11288323138208284,1.5463620943403846,-20.000000000000007
-0.11288323138208281,1.5463620943403846,-20.000000000000007
-0.11288322514341528,1.546351078808715,-20.000000000000007
-0.1128832251434153,1.5463510788087147,-20.000000000000007
-0.1128832251434153,1.546351078808715,-20.000000000000007
-0.11288322514341531,1.5463510788087147,-20.000000000000007
-0.11288322514341531,1.546351078808715,-20.000000000000007
-0.1128832251434153,1.546351078808715,-20.000000000000007
-0.11288322514341528,1.5463510788087147,-20.000000000000007
-0.11288322514341528,1.546351078808715,-20.000000000000007
-0.1257308294826488,1.539243717419068,-20.000000000000007
-0.1257308294826488,1.539243717419068,-20.000000000000007
-0.12573082948264883,1.539243717419068,-20.000000000000007
-0.12573082948264883,1.539243717419068,-20.000000000000007
-0.12573082948264883,1.539243717419068,-20.000000000000007
-0.1257308294826488,1.539243717419068,-20.000000000000007
-0.12573082948264883,1.539243717419068,-20.000000000000007
-0.12573082948264883,1.539243717419068,-20.000000000000007
-0.12573082948264883,1.539243717419068,-20.000000000000007
-0.1257308294826488,1.5392437174190683,-20.000000000000007
-0.1257308294826488,1.5392437174190683,-20.000000000000007
-0.1257308294826488,1.539243717419068,-20.000000000000007
-0.1257308294826488,1.5392437174190683,-20.000000000000007
-0.1257308294826488,1.539243717419068,-20.000000000000007
-0.1257308294826488,1.539243717419068,-20.000000000000007
-0.12573082948264883,1.539243717419068,-20.000000000000007
-0.1257308294826488,1.539243717419068,-20.000000000000007
-0.1257308294826488,1.5392437174190683,-20.000000000000007
-0.1257308294826488,1.539243717419068,-20.000000000000007
-0.1128832251434153,1.5463510788087147,-20.000000000000007
-0.11288322514341528,1.5463510788087147,-20.000000000000007
-0.11288322514341528,1.5463510788087147,-20.000000000000007
-0.1128832251434153,1.5463510788087147,-20.000000000000007
-0.11288322514341528,1.546351078808715,-20.000000000000007
-0.11288322514341528,1.546351078808715,-20.000000000000007
-0.11288322514341531,1.5463510788087147,-20.000000000000007
-0.11288322514341531,1.5463510788087147,-20.000000000000007
-0.11288322514341528,1.546351078808715,-20.000000000000007
-0.11288322514341528,1.5463510788087147,-20.000000000000007
-0.11288322514341528,1.546351078808715,-20.000000000000007
-0.11288322514341531,1.5463510788087147,-20.000000000000007
-0.1128832251434153,1.5463510788087147,-20.000000000000007
-0.1128832251434153,1.5463510788087147,-20.000000000000007
-0.11288322514341528,1.5463510788087147,-20.000000000000007
-0.11288322514341528,1.5463510788087147,-20.000000000000007
-0.11288322514341528,1.5463510788087147,-20.000000000000007
-0.11288322514341528,1.5463510788087147,-20.000000000000007
-0.11288322514341528,1.546351078808715,-20.000000000000007
-0.1128832251434153,1.5463510788087147,-20.000000000000007
-0.1128832251434153,1.5463510788087147,-20.000000000000007
-0.11288322514341528,1.5463510788087147,-20.000000000000007
-0.11288322514341528,1.546351078808715,-20.000000000000007
-0.11288322514341531,1.5463510788087147,-20.000000000000007
-0.11288322514341528,1.5463510788087147,-20.000000000000007
-0.11288322514341528,1.5463510788087151,-20.000000000000007
-0.11288322514341528,1.5463510788087151,-20.000000000000007
-0.11288322514341528,1.5463510788087151,-20.000000000000007
-0.11288322514341528,1.5463510788087151,-20.000000000000007
-0.11288322514341528,1.5463510788087151,-20.000000000000007
-0.11288322514341528,1.5463510788087151,-20.000000000000007
-0.11288322514341528,1.5463510788087151,-20.000000000000007
-0.11288322514341528,1.5463510788087151,-20.000000000000007
-0.11288322514341528,1.5463510788087151,-20.000000000000007
-0.11288322514341528,1.5463510788087151,-20.000000000000007
-0.11288322514341528,1.5463510788087151,-20.000000000000007
-0.11288322514341528,1.5463510788087151,-20.000000000000007
-0.11288322514341528,1.5463510788087151,-20.000000000000007
-0.11288322514341528,1.5463510788087151,-20.000000000000007
-0.11288322514341528,1.5463510788087151,-20.000000000000007
-0.11288322514341528,1.5463510788087151,-20.000000000000007
-0.11288322514341528,1.5463510788087151,-20.000000000000007
-0.11288322514341528,1.5463510788087151,-20.000000000000007
-0.11288322514341528,1.546351078808715,-20.000000000000007
-0.11288322514341528,1.5463510788087147,-20.000000000000007
-0.1128832251434153,1.5463510788087147,-20.000000000000007
-0.11288322514341531,1.5463510788087147,-20.000000000000007
-0.11288322514341531,1.5463510788087147,-20.000000000000007
-0.1128832251434153,1.5463510788087147,-20.000000000000007
-0.1128832251434153,1.5463510788087147,-20.000000000000007
-0.1128832251434153,1.546351078808715,-20.000000000000007
-0.11288322514341531,1.5463510788087147,-20.000000000000007
-0.11288322514341531,1.5463510788087147,-20.000000000000007
-0.11288322514341531,1.5463510788087147,-20.000000000000007
-0.1128832251434153,1.5463510788087147,-20.000000000000007
-0.1128832251434153,1.5463510788087147,-20.000000000000007
-0.11288322514341528,1.5463510788087147,-20.000000000000007
-0.1128832251434153,1.5463510788087147,-20.000000000000007
-0.1128832251434153,1.5463510788087147,-20.000000000000007
-0.1128832251434153,1.546351078808715,-20.000000000000007
-0.1128832251434153,1.546351078808715,-20.000000000000007
-0.11288322514341531,1.546351078808715,-20.000000000000007
-0.11288322514341531,1.5463510788087147,-20.000000000000007
-0.11288323138208284,1.5463620943403846,-20.000000000000007
-0.11288323138208281,1.5463620943403846,-20.000000000000007
-0.11288323138208281,1.5463620943403846,-20.000000000000007
-0.11288323138208284,1.5463620943403846,-20.000000000000007
-0.11288323138208281,1.5463620943403842,-20.000000000000007
-0.11161013015990387,1.5393901157399101,-20.000000000000007
-0.11288323138208281,1.5463620943403846,-20.000000000000007
-0.11288323138208282,1.5463620943403842,-20.000000000000007
-0.11288323138208281,1.5463620943403846,-20.000000000000007
-0.11288323138208282,1.5463620943403846,-20.000000000000007
-0.11288323138208281,1.5463620943403844,-20.000000000000007
-0.11288323138208282,1.5463620943403846,-20.000000000000007
-0.1128832251434153,1.5463510788087147,-20.000000000000007
-0.11288323138208281,1.5463620943403842,-20.000000000000007
-0.11288322514341531,1.5463510788087147,-20.000000000000007
-0.1128832251434153,1.5463510788087147,-20.000000000000007
-0.1128832251434153,1.546351078808715,-20.000000000000007
-0.1128832251434153,1.5463510788087147,-20.000000000000007
-0.11288322514341528,1.5463510788087147,-20.000000000000007
-0.11288322514341528,1.5463510788087147,-20.000000000000007
-0.1128832251434153,1.5463510788087147,-20.000000000000007
-0.1128832251434153,1.5463510788087147,-20.000000000000007
-0.11288322514341528,1.5463510788087147,-20.000000000000007
-0.1128832251434153,1.546351078808715,-20.000000000000007
-0.11288322514341528,1.5463510788087147,-20.000000000000007
-0.11288322514341528,1.5463510788087147,-20.000000000000007
-0.11288322514341528,1.5463510788087147,-20.000000000000007
-0.11288322514341528,1.5463510788087147,-20.000000000000007
-0.1128832251434153,1.5463510788087147,-20.000000000000007
-0.11288322514341528,1.546351078808715,-20.000000000000007
-0.1128832251434153,1.5463510788087147,-20.000000000000007
-0.1128832251434153,1.546351078808715,-20.000000000000007
-0.1128832251434153,1.546351078808715,-20.000000000000007
-0.11288322514341531,1.5463510788087147,-20.000000000000007
-0.11288322514341531,1.5463510788087147,-20.000000000000007
-0.1128832251434153,1.5463510788087147,-20.000000000000007
-0.11288322514341531,1.5463510788087147,-20.000000000000007
-0.1128832251434153,1.5463510788087147,-20.000000000000007
-0.1128832251434153,1.546351078808715,-20.000000000000007
-0.11288322514341531,1.5463510788087147,-20.000000000000007
-0.11288322514341528,1.5463510788087147,-20.000000000000007
-0.11288322514341528,1.546351078808715,-20.000000000000007
-0.1128832251434153,1.5463510788087147,-20.000000000000007
-0.11288323138208282,1.5463620943403844,-20.000000000000007
-0.11288323138208282,1.5463620943403846,-20.000000000000007
-0.11288323138208281,1.5463620943403846,-20.000000000000007
-0.11288323138208282,1.5463620943403844,-20.000000000000007
-0.11288323138208281,1.5463620943403846,-20.000000000000007
-0.11288323138208282,1.5463620943403844,-20.000000000000007
-0.11161013015990384,1.5393901157399104,-20.000000000000007
-0.11161013015990384,1.5393901157399101,-20.000000000000007
-0.11288323138208282,1.5463620943403846,-20.000000000000007
-0.11161013015990384,1.5393901157399101,-20.000000000000007
-0.11161013015990384,1.5393901157399104,-20.000000000000007
-0.11161013015990384,1.5393901157399104,-20.000000000000007
-0.11161013015990386,1.5393901157399101,-20.000000000000007
-0.11161013015990386,1.5393901157399101,-20.000000000000007
-0.11161013015990384,1.5393901157399104,-20.000000000000007
-0.11161013015990387,1.5393901157399101,-20.000000000000007
-0.11161013015990384,1.5393901157399101,-20.000000000000007
-0.11161013015990386,1.5393901157399101,-20.000000000000007
-0.11161013015990386,1.5393901157399101,-20.000000000000007
-0.11161013015990386,1.5393901157399101,-20.000000000000007
-0.11160983512291991,1.5394020136485222,-20.000000000000007
-0.1116098351229199,1.5394020136485218,-20.000000000000007
-0.11160983668258677,1.5394053130640604,-20.000000000000007
-0.11240579018729664,1.5333266041320024,-20.000000000000004
-0.11240579018729661,1.5333266041320022,-20.0
-0.11240583658738618,1.533302747046034,-19.999999999999996
-0.11240583658738618,1.5333027470460343,-20.0
-0.11095734796566889,1.5311353815265414,-20.0
